Workload,M,N,K,Torch ms,CuTe ms,Speedup
batched decode,128,4096,4096,0.2958745574951172,0.4110745620727539,0.7197588583522031
short prefill,512,4096,4096,0.946773370107015,0.8703146775563558,1.087851778813311
long prefill,4096,4096,4096,6.122979354858399,6.940672302246094,0.8821882215757284
QKV projection,1024,6144,4096,2.6793855667114257,2.310348892211914,1.1597320109285305
FFN gate+up,1024,24576,4096,10.384893035888672,10.244608306884766,1.0136935180732707
FFN down,1024,4096,12288,5.3222400665283205,5.10832633972168,1.041875501403126
wide QKV projection,1024,8192,3072,2.5467967987060547,2.373632049560547,1.072953493014036
sliding QKV projection,1024,10240,2048,2.175488090515137,1.9914751052856445,1.0924003442177594
compact QKV projection,1024,3072,2048,0.6673468421487248,0.6441562315996956,1.0360015310128068
